{"x0":0.000000,
"x13":15.000000,
"x72":40.500000,
"xbe":46.343550,
"x26":47.388150,
"x19":48.872100,
"x14":51.000000,
"x5f":52.414800,
"x2c":53.460000,
"x34":55.324650,
"x94":56.378250,
"x3b":57.563100,
"x38":58.703100,
"x66":59.738250,
"x52":61.103250,
"x42":62.813100,
"xcd":63.878550,
"x3a":64.913100,
"x84":65.925450,
"x25":66.972150,
"x57":68.497800,
"x4b":70.013250,
"x87":71.340600,
"x78":72.382950,
"x4a":74.363250,
"x44":75.428100,
"x67":77.033250,
"x43":78.323100,
"x39":79.628100,
"x4f":81.053250,
"x36":82.433100,
"x56":83.887800,
"x2f":85.644300,
"x2e":87.426750,
"x37":88.508100,
"x30":90.288300,
"x91":91.365450,
"x81":92.655600,
"x4":94.500000,
"x74":95.925600,
"xa7":97.643100,
"xbf":99.076050,
"x77":100.357950,
"x82":101.745600,
"x68":103.793250,
"x2":105.000000,
"xeb":106.890900,
"x3":108.000000,
"x31":109.260300,
"xbc":110.655600,
"x45":111.773100,
"x7c":113.361900,
"x2d":115.911900,
"x5":121.503750,
"x32":123.588300,
"x33":128.232300,
"x63":142.560300,
"x64":147.204300,
"xf4":155.487000,
"x8d":161.856450,
"x8e":166.500450,
"xda":168.284850,
"x62":179.577750,
"x7f":194.607750,
"xad":198.927600,
"x10a":199.949850,
"xf1":218.575950,
"xf0":236.504550,
"x16":243.000000,
"x1a":246.820800,
"x118":248.256300,
"x90":251.077800,
"x1b":252.331800,
"xd4":267.403350,
"x17":270.003750,
"xde":277.000200,
"xd5":278.236200,
"xdf":281.010150,
"xe0":288.719250,
"xa3":292.951500,
"xe1":310.731000,
"xe2":317.239650,
"xce":324.625650,
"xcf":335.389800,
"xd1":342.359250,
"xd2":348.867900,
"xe7":363.857850,
"xe8":370.366500,
"xe5":387.716100,
"xe6":394.224600,
"xed":399.627750,
"x110":407.328900,
"xfd":409.263300,
"xec":412.349700,
"x79":414.000000,
"x8f":420.782700,
"x24":423.718500,
"x11":426.820800,
"x49":431.061300,
"x12":432.331800,
"xd9":436.893150,
"x4d":442.500000,
"x9e":445.517250,
"x80":448.499250,
"x6c":449.995500,
"xca":451.831800,
"x10f":456.520200,
"x10c":460.494000,
"x8c":462.008250,
"xa9":463.490250,
"xc0":472.060050,
"x18":474.006750,
"xea":476.648550,
"xaf":478.798800,
"x5a":481.287600,
"x100":483.000068,
"x5b":486.798600,
"x11d":488.016750,
"x113":492.817950,
"x11e":494.421900,
"x10e":498.150900,
"xba":500.320800,
"x11f":502.275900,
"xe3":503.400000,
"xae":504.963750,
"x119":507.372600,
"xc3":508.395900,
"xe4":509.908650,
"xfc":512.190450,
"xfb":517.321950,
"xdb":518.436900,
"xd6":520.201800,
"xfa":523.642950,
"xdc":524.945550,
"x116":531.562650,
"x114":533.491950,
"xc7":534.844950,
"xf5":536.214450,
"xa5":537.717600,
"xf9":539.779800,
"xee":542.848950,
"x111":544.480650,
"xc1":545.503650,
"x9c":549.745950}