{
    "x0": 0.000000,
    "x13": 15.000000,
    "x72": 40.500000,
    "xbe": 46.343550,
    "x26": 47.388150,
    "x19": 48.872100,
    "x14": 51.000000,
    "x5f": 52.414800,
    "x2c": 53.460000,
    "x34": 55.324650,
    "x94": 56.378250,
    "x3b": 57.563100,
    "x38": 58.703100,
    "x66": 59.738250,
    "x52": 61.103250,
    "x42": 62.813100,
    "xcd": 63.878550,
    "x3a": 64.913100,
    "x84": 65.925450,
    "x25": 66.972150,
    "x57": 68.497800,
    "x4b": 70.013250,
    "x87": 71.340600,
    "x78": 72.382950,
    "x4a": 74.363250,
    "x44": 75.428100,
    "x67": 77.033250,
    "x43": 78.323100,
    "x39": 79.628100,
    "x4f": 81.053250,
    "x36": 82.433100,
    "x56": 83.887800,
    "x2f": 85.644300,
    "x2e": 87.426750,
    "x37": 88.508100,
    "x30": 90.288300,
    "x91": 91.365450,
    "x81": 92.655600,
    "x4": 94.500000,
    "x74": 95.925600,
    "xa7": 97.643100,
    "xbf": 99.076050,
    "x77": 100.357950,
    "x82": 101.745600,
    "x68": 103.793250,
    "x2": 105.000000,
    "xeb": 106.890900,
    "x3": 108.000000,
    "x31": 109.260300,
    "xbc": 110.655600,
    "x45": 111.773100,
    "x7c": 113.361900,
    "x2d": 115.911900,
    "x5": 121.503750,
    "x32": 123.588300,
    "x33": 128.232300,
    "x63": 142.560300,
    "x64": 147.204300,
    "xf4": 155.487000,
    "x8d": 161.856450,
    "x8e": 166.500450,
    "xda": 168.284850,
    "x62": 179.577750,
    "x7f": 194.607750,
    "xad": 198.927600,
    "x10a": 199.949850,
    "xf1": 218.575950,
    "xf0": 236.504550,
    "x16": 243.000000,
    "x1a": 246.820800,
    "x118": 248.256300,
    "x90": 251.077800,
    "x1b": 252.331800,
    "xd4": 267.403350,
    "x17": 270.003750,
    "xde": 277.000200,
    "xd5": 278.236200,
    "xdf": 281.010150,
    "xe0": 288.719250,
    "xa3": 292.951500,
    "xe1": 310.731000,
    "xe2": 317.239650,
    "xce": 324.625650,
    "xcf": 335.389800,
    "xd1": 342.359250,
    "xd2": 348.867900,
    "xe7": 363.857850,
    "xe8": 370.366500,
    "xe5": 387.716100,
    "xe6": 394.224600,
    "xed": 399.627750,
    "x110": 407.328900,
    "xfd": 409.263300,
    "xec": 412.349700,
    "x79": 414.000000,
    "x8f": 420.782700,
    "x24": 423.718500,
    "x11": 426.820800,
    "x49": 431.061300,
    "x12": 432.331800,
    "xd9": 436.893150,
    "x4d": 442.500000,
    "x9e": 445.517250,
    "x80": 448.499250,
    "x6c": 449.995500,
    "xca": 451.831800,
    "x10f": 456.520200,
    "x10c": 460.494000,
    "x8c": 462.008250,
    "xa9": 463.490250,
    "xc0": 472.060050,
    "x18": 474.006750,
    "xea": 476.648550,
    "xaf": 478.798800,
    "x5a": 481.287600,
    "x100": 483.000068,
    "x5b": 486.798600,
    "x11d": 488.016750,
    "x113": 492.817950,
    "x11e": 494.421900,
    "x10e": 498.150900,
    "xba": 500.320800,
    "x11f": 502.275900,
    "xe3": 503.400000,
    "xae": 504.963750,
    "x119": 507.372600,
    "xc3": 508.395900,
    "xe4": 509.908650,
    "xfc": 512.190450,
    "xfb": 517.321950,
    "xdb": 518.436900,
    "xd6": 520.201800,
    "xfa": 523.642950,
    "xdc": 524.945550,
    "x116": 531.562650,
    "x114": 533.491950,
    "xc7": 534.844950,
    "xf5": 536.214450,
    "xa5": 537.717600,
    "xf9": 539.779800,
    "xee": 542.848950,
    "x111": 544.480650,
    "xc1": 545.503650,
    "x9c": 549.745950,
    "x109": 552.501000,
    "xb0": 556.558500,
    "xb1": 557.649150,
    "xef": 560.142750,
    "xb2": 562.467300,
    "xc4": 564.892650,
    "x11c": 565.932000,
    "x103": 567.083550,
    "xcc": 569.150850,
    "x8b": 570.749850,
    "x115": 571.873200,
    "x106": 573.025350,
    "x104": 574.612500,
    "xd0": 576.707250,
    "x102": 577.943400,
    "xc5": 579.296850,
    "x108": 580.699200,
    "xa2": 581.706300,
    "xdd": 583.034550,
    "x69": 584.791200,
    "xfe": 586.769700,
    "xb9": 588.586200,
    "x10d": 589.642200,
    "xf8": 590.665050,
    "xf6": 592.034700,
    "xa0": 593.420700,
    "xf7": 595.152900,
    "x6d": 597.182400,
    "xf3": 599.278050,
    "xa1": 601.670700,
    "x9d": 604.392600,
    "xff": 606.142200,
    "xc2": 607.165050,
    "x107": 608.567400,
    "x15": 610.144050,
    "xb8": 611.252100,
    "x65": 612.659400,
    "x35": 614.358900,
    "xa4": 615.601200,
    "x9f": 617.940900,
    "xc6": 619.326900,
    "xcb": 620.696250,
    "xab": 622.412250,
    "x105": 623.419350,
    "x53": 624.442050,
    "xd3": 626.527050,
    "x92": 627.543750,
    "x86": 629.293050,
    "x117": 630.315600,
    "xc8": 631.355100,
    "x73": 632.741100,
    "x1c": 633.977100,
    "x97": 636.369600,
    "xbb": 638.565600,
    "xb7": 639.951900,
    "x9a": 640.958400,
    "x4c": 641.997750,
    "xb5": 643.299600,
    "x89": 645.099450,
    "x83": 646.452600,
    "xaa": 648.168600,
    "x46": 650.577600,
    "x1": 652.640100,
    "xe9": 654.042600,
    "x7a": 655.395600,
    "x58": 657.127800,
    "xbd": 658.167450,
    "x50": 660.213450,
    "x60": 662.622750,
    "x11a": 663.645600,
    "x95": 664.947000,
    "x76": 667.440300,
    "x88": 668.826300,
    "x99": 670.095000,
    "xac": 671.565300,
    "x11b": 672.621450,
    "x112": 673.644150,
    "x7": 675.823650,
    "x6": 676.907400,
    "x27": 678.387900,
    "x85": 680.145450,
    "xb6": 681.148800,
    "x4e": 682.613100,
    "x10": 683.668050,
    "x2a": 685.215450,
    "x6e": 686.610750,
    "x1f": 687.743400,
    "x1e": 689.648400,
    "x71": 690.968100,
    "x6f": 692.025750,
    "xa8": 693.053100,
    "x29": 694.095450,
    "x51": 695.366400,
    "x3c": 696.866400,
    "x70": 698.123100,
    "x2b": 699.555450,
    "x75": 701.077950,
    "x93": 702.120900,
    "x20": 704.018400,
    "x61": 705.960750,
    "x7b": 707.603100,
    "x7e": 708.945750,
    "x5d": 710.137800,
    "x28": 711.394800,
    "x1d": 712.684950,
    "xa": 714.038700,
    "x9": 715.821000,
    "x21": 717.413400,
    "xb": 718.682700,
    "x3d": 720.182700,
    "x5e": 721.462800,
    "x5c": 723.157800,
    "xb3": 724.230750,
    "x7d": 725.280750,
    "x9b": 727.305750,
    "x8a": 728.430600,
    "x98": 729.503100,
    "xc9": 730.635300,
    "xb4": 732.008250,
    "xc": 733.010700,
    "x3e": 734.510700,
    "xf2": 735.728100,
    "xd": 737.654700,
    "x3f": 739.154700,
    "x10b": 740.610750,
    "x59": 741.756000,
    "x8": 744.306150,
    "x54": 745.806150,
    "xe": 751.982700,
    "x40": 753.482700,
    "xd7": 755.132100,
    "xf": 756.626700,
    "x41": 758.126700,
    "x48": 759.296035,
    "x47": 761.988600,
    "xd8": 765.896250,
    "x22": 770.954700,
    "x23": 775.598700,
    "x6a": 789.926700,
    "x101": 791.897250,
    "x6b": 794.570700,
    "x96": 807.971850,
    "x55": 809.471850,
    "xa6": 827.970000
}